OID,version,date,fhir_status,year
2.16.840.1.113762.1.4.1,20121025,2026-04-07T15:50:11-04:00,retired,2012
2.16.840.1.113762.1.4.1,20150331,2026-04-07T15:50:11-04:00,active,2015
2.16.840.1.113762.1.4.1010.4,20170601,2026-05-14T18:39:45-04:00,retired,2017
2.16.840.1.113762.1.4.1010.4,20240606,2026-05-14T18:39:45-04:00,active,2024
2.16.840.1.113762.1.4.1010.5,20190423,2026-05-14T18:33:27-04:00,retired,2019
2.16.840.1.113762.1.4.1010.5,20240606,2026-05-14T18:33:27-04:00,retired,2024
2.16.840.1.113762.1.4.1010.5,20240627,2026-05-14T18:33:27-04:00,active,2024
2.16.840.1.113762.1.4.1010.6,20160903,2026-04-28T01:00:51-04:00,retired,2016
2.16.840.1.113762.1.4.1010.6,20180107,2026-04-28T01:00:51-04:00,retired,2018
2.16.840.1.113762.1.4.1010.6,20180519,2026-04-28T01:00:51-04:00,retired,2018
2.16.840.1.113762.1.4.1010.6,20210630,2026-04-28T01:00:51-04:00,retired,2021
2.16.840.1.113762.1.4.1010.6,20220701,2026-04-28T01:00:51-04:00,retired,2022
2.16.840.1.113762.1.4.1010.6,20230715,2026-04-28T01:00:51-04:00,retired,2023
2.16.840.1.113762.1.4.1010.6,20250411,2026-04-28T01:00:51-04:00,retired,2025
2.16.840.1.113762.1.4.1010.6,20260428,2026-04-28T01:00:51-04:00,active,2026
2.16.840.1.113762.1.4.1021.101,20211028,2026-04-29T01:00:56-04:00,retired,2021
2.16.840.1.113762.1.4.1021.101,20220316,2026-04-29T01:00:56-04:00,retired,2022
2.16.840.1.113762.1.4.1021.101,20240215,2026-04-29T01:00:56-04:00,retired,2024
2.16.840.1.113762.1.4.1021.101,20260429,2026-04-29T01:00:56-04:00,active,2026
2.16.840.1.113762.1.4.1021.102,20211028,2026-04-29T17:53:52-04:00,active,2021
2.16.840.1.113762.1.4.1021.103,20211113,2026-04-29T13:46:30-04:00,active,2021
2.16.840.1.113762.1.4.1021.121,20241007,2026-04-28T16:24:45-04:00,retired,2024
2.16.840.1.113762.1.4.1021.121,20250228,2026-04-28T16:24:45-04:00,active,2025
2.16.840.1.113762.1.4.1021.24,20190308,2026-04-08T16:29:27-04:00,retired,2019
2.16.840.1.113762.1.4.1021.24,20211119,2026-04-08T16:29:27-04:00,retired,2021
2.16.840.1.113762.1.4.1021.24,20240330,2026-04-08T16:29:27-04:00,active,2024
2.16.840.1.113762.1.4.1021.32,20211028,2026-04-28T16:31:36-04:00,retired,2021
2.16.840.1.113762.1.4.1021.32,20220316,2026-04-28T16:31:36-04:00,retired,2022
2.16.840.1.113762.1.4.1021.32,20240215,2026-04-28T16:31:36-04:00,active,2024
2.16.840.1.113762.1.4.1021.33,20211123,2026-04-29T16:39:58-04:00,active,2021
2.16.840.1.113762.1.4.1099.12,20190521,2026-04-02T14:01:26-04:00,retired,2019
2.16.840.1.113762.1.4.1099.12,20240606,2026-04-02T14:01:26-04:00,active,2024
2.16.840.1.113762.1.4.1099.24,20181109,2026-04-28T16:20:18-04:00,retired,2018
2.16.840.1.113762.1.4.1099.24,20220714,2026-04-28T16:20:18-04:00,retired,2022
2.16.840.1.113762.1.4.1099.24,20230715,2026-04-28T16:20:18-04:00,active,2023
2.16.840.1.113762.1.4.1099.27,20220408,2026-04-09T14:52:41-04:00,retired,2022
2.16.840.1.113762.1.4.1099.27,20230223,2026-04-09T14:52:41-04:00,retired,2023
2.16.840.1.113762.1.4.1099.27,20230706,2026-04-09T14:52:41-04:00,active,2023
2.16.840.1.113762.1.4.1099.30,20190418,2026-04-09T14:50:11-04:00,retired,2019
2.16.840.1.113762.1.4.1099.30,20240605,2026-04-09T14:50:11-04:00,active,2024
2.16.840.1.113762.1.4.1099.53,20221101,2026-04-29T16:35:20-04:00,retired,2022
2.16.840.1.113762.1.4.1099.53,20221111,2026-04-29T16:35:20-04:00,retired,2022
2.16.840.1.113762.1.4.1099.53,20230516,2026-04-29T16:35:20-04:00,retired,2023
2.16.840.1.113762.1.4.1099.53,20240217,2026-04-29T16:35:20-04:00,active,2024
2.16.840.1.113762.1.4.1099.54,20221102,2026-04-29T17:14:16-04:00,retired,2022
2.16.840.1.113762.1.4.1099.54,20240606,2026-04-29T17:14:16-04:00,active,2024
2.16.840.1.113762.1.4.1099.59,20230906,2026-04-09T09:57:21-04:00,retired,2023
2.16.840.1.113762.1.4.1099.59,20231025,2026-04-09T09:57:21-04:00,retired,2023
2.16.840.1.113762.1.4.1099.59,20240328,2026-04-09T09:57:21-04:00,retired,2024
2.16.840.1.113762.1.4.1099.59,20251104,2026-04-09T09:57:21-04:00,active,2025
2.16.840.1.113762.1.4.1114.14,20201021,2026-04-30T12:06:38-04:00,retired,2020
2.16.840.1.113762.1.4.1114.14,20210618,2026-04-30T12:06:38-04:00,retired,2021
2.16.840.1.113762.1.4.1114.14,20221014,2026-04-30T12:06:38-04:00,retired,2022
2.16.840.1.113762.1.4.1114.14,20240606,2026-04-30T12:06:38-04:00,retired,2024
2.16.840.1.113762.1.4.1114.14,20250723,2026-04-30T12:06:38-04:00,retired,2025
2.16.840.1.113762.1.4.1115.22,20230815,2025-08-04T22:44:03-04:00,retired,2023
2.16.840.1.113762.1.4.1115.22,20240217,2025-08-04T22:44:03-04:00,retired,2024
2.16.840.1.113762.1.4.1115.22,20240712,2025-08-04T22:44:03-04:00,active,2024
2.16.840.1.113762.1.4.1115.40,20250407,2025-04-07T01:09:12-04:00,active,2025
2.16.840.1.113762.1.4.1115.41,20250407,2026-04-10T15:16:31-04:00,active,2025
2.16.840.1.113762.1.4.1166.22,20180329,2026-07-06T10:10:20-04:00,retired,2018
2.16.840.1.113762.1.4.1166.22,20230802,2026-07-06T10:10:20-04:00,retired,2023
2.16.840.1.113762.1.4.1186.1,20180503,2026-04-27T15:31:28-04:00,retired,2018
2.16.840.1.113762.1.4.1186.1,20240606,2026-04-27T15:31:28-04:00,retired,2024
2.16.840.1.113762.1.4.1186.1,20240625,2026-04-27T15:31:28-04:00,retired,2024
2.16.840.1.113762.1.4.1186.3,20180503,2026-04-27T15:28:20-04:00,retired,2018
2.16.840.1.113762.1.4.1186.3,20240607,2026-04-27T15:28:20-04:00,retired,2024
2.16.840.1.113762.1.4.1186.3,20240625,2026-04-27T15:28:20-04:00,retired,2024
2.16.840.1.113762.1.4.1186.4,20180503,2026-04-27T15:32:33-04:00,retired,2018
2.16.840.1.113762.1.4.1186.4,20240606,2026-04-27T15:32:33-04:00,retired,2024
2.16.840.1.113762.1.4.1186.5,20180503,2026-04-27T15:33:53-04:00,retired,2018
2.16.840.1.113762.1.4.1186.5,20210622,2026-04-27T15:33:53-04:00,retired,2021
2.16.840.1.113762.1.4.1186.5,20240606,2026-04-27T15:33:53-04:00,retired,2024
2.16.840.1.113762.1.4.1186.8,20180503,2026-04-27T15:37:18-04:00,retired,2018
2.16.840.1.113762.1.4.1186.8,20210622,2026-04-27T15:37:18-04:00,retired,2021
2.16.840.1.113762.1.4.1186.8,20240606,2026-04-27T15:37:18-04:00,retired,2024
2.16.840.1.113762.1.4.1186.8,20240625,2026-04-27T15:37:18-04:00,retired,2024
2.16.840.1.113762.1.4.1240.10,20231129,2026-04-29T13:48:43-04:00,active,2023
2.16.840.1.113762.1.4.1240.11,20231129,2026-04-29T16:42:04-04:00,active,2023
2.16.840.1.113762.1.4.1240.12,20240906,2026-04-29T15:23:49-04:00,active,2024
2.16.840.1.113762.1.4.1240.3,20230609,2026-04-29T16:37:40-04:00,retired,2023
2.16.840.1.113762.1.4.1240.3,20230628,2026-04-29T16:37:40-04:00,active,2023
2.16.840.1.113762.1.4.1240.4,20230628,2026-04-08T16:26:07-04:00,active,2023
2.16.840.1.113762.1.4.1240.7,20231025,2026-04-27T18:52:25-04:00,active,2023
2.16.840.1.113762.1.4.1240.8,20231025,2026-04-09T10:03:56-04:00,active,2023
2.16.840.1.113762.1.4.1267.10,20240329,2026-04-28T19:05:19-04:00,active,2024
2.16.840.1.113762.1.4.1267.11,20240329,2026-04-28T19:09:09-04:00,active,2024
2.16.840.1.113762.1.4.1267.13,20241008,2026-04-22T01:01:00-04:00,retired,2024
2.16.840.1.113762.1.4.1267.13,20250610,2026-04-22T01:01:00-04:00,retired,2025
2.16.840.1.113762.1.4.1267.13,20260422,2026-04-22T01:01:00-04:00,active,2026
2.16.840.1.113762.1.4.1267.14,20241004,2026-04-01T15:54:42-04:00,active,2024
2.16.840.1.113762.1.4.1267.15,20241004,2026-04-01T15:54:42-04:00,active,2024
2.16.840.1.113762.1.4.1267.16,20241005,2026-04-08T16:23:56-04:00,active,2024
2.16.840.1.113762.1.4.1267.22,20241015,2026-04-02T13:56:08-04:00,active,2024
2.16.840.1.113762.1.4.1267.23,20241018,2026-04-28T15:54:03-04:00,retired,2024
2.16.840.1.113762.1.4.1267.23,20250510,2026-04-28T15:54:03-04:00,active,2025
2.16.840.1.113762.1.4.1267.24,20241105,2026-04-29T17:11:31-04:00,retired,2024
2.16.840.1.113762.1.4.1267.24,20250529,2026-04-29T17:11:31-04:00,active,2025
2.16.840.1.113762.1.4.1267.25,20250419,2026-04-27T18:57:43-04:00,active,2025
2.16.840.1.113762.1.4.1267.29,20250510,2026-04-28T15:57:23-04:00,active,2025
2.16.840.1.113762.1.4.1267.3,20240217,2026-04-29T16:47:52-04:00,active,2024
2.16.840.1.113762.1.4.1267.4,20240222,2026-04-21T18:13:04-04:00,retired,2024
2.16.840.1.113762.1.4.1267.4,20251107,2026-04-21T18:13:04-04:00,active,2025
2.16.840.1.113762.1.4.1267.5,20240217,2026-04-29T17:01:12-04:00,active,2024
2.16.840.1.113762.1.4.1267.6,20240222,2026-04-29T17:07:26-04:00,active,2024
2.16.840.1.113762.1.4.1267.7,20240329,2026-04-28T19:07:17-04:00,active,2024
2.16.840.1.113762.1.4.1267.8,20240329,2026-04-28T19:03:24-04:00,active,2024
2.16.840.1.113762.1.4.1267.9,20240329,2026-04-28T19:00:44-04:00,active,2024
2.16.840.1.113883.1.11.10267,20150417,2026-04-09T14:51:35-04:00,retired,2015
2.16.840.1.113883.1.11.10267,20170915,2026-04-09T14:51:35-04:00,retired,2017
2.16.840.1.113883.1.11.10267,20220629,2026-04-09T14:51:35-04:00,retired,2022
2.16.840.1.113883.1.11.10267,20240605,2026-04-09T14:51:35-04:00,active,2024
2.16.840.1.113883.1.11.10612,20190308,2026-01-06T12:39:19-05:00,active,2019
2.16.840.1.113883.1.11.14914,20190522,2026-04-29T15:55:41-04:00,retired,2019
2.16.840.1.113883.1.11.14914,20240606,2026-04-29T15:55:41-04:00,active,2024
2.16.840.1.113883.11.20.9.52,20200612,2026-04-28T15:43:59-04:00,retired,2020
2.16.840.1.113883.11.20.9.52,20230715,2026-04-28T15:43:59-04:00,retired,2023
2.16.840.1.113883.11.20.9.52,20241017,2026-04-28T15:43:59-04:00,active,2024
2.16.840.1.113883.11.20.9.69.4,20180119,2026-04-10T15:14:13-04:00,retired,2018
2.16.840.1.113883.11.20.9.69.4,20200604,2026-04-10T15:14:13-04:00,retired,2020
2.16.840.1.113883.11.20.9.69.4,20221001,2026-04-10T15:14:13-04:00,retired,2022
2.16.840.1.113883.11.20.9.69.4,20230627,2026-04-10T15:14:13-04:00,retired,2023
2.16.840.1.113883.11.20.9.69.4,20240217,2026-04-10T15:14:13-04:00,retired,2024
2.16.840.1.113883.11.20.9.69.4,20240712,2026-04-10T15:14:13-04:00,retired,2024
2.16.840.1.113883.11.20.9.69.4,20250319,2026-04-10T15:14:13-04:00,retired,2025
2.16.840.1.113883.11.20.9.69.4,20250402,2026-04-10T15:14:13-04:00,active,2025
2.16.840.1.113883.3.88.12.3221.8.7,20161010,2026-04-02T14:03:41-04:00,retired,2016
2.16.840.1.113883.3.88.12.3221.8.7,20180516,2026-04-02T14:03:41-04:00,retired,2018
2.16.840.1.113883.3.88.12.3221.8.7,20240606,2026-04-02T14:03:41-04:00,retired,2024
2.16.840.1.113883.3.88.12.3221.8.7,20240716,2026-04-02T14:03:41-04:00,active,2024
2.16.840.1.113883.3.88.12.80.17,20190423,2026-05-14T18:25:52-04:00,retired,2019
2.16.840.1.113883.3.88.12.80.17,20240606,2026-05-14T18:25:52-04:00,retired,2024
2.16.840.1.113883.3.88.12.80.17,20240627,2026-05-14T18:25:52-04:00,active,2024
2.16.840.1.113883.3.88.12.80.62,20150424,2026-04-21T19:18:43-04:00,retired,2015
2.16.840.1.113883.3.88.12.80.62,20170915,2026-04-21T19:18:43-04:00,retired,2017
2.16.840.1.113883.3.88.12.80.62,20170922,2026-04-21T19:18:43-04:00,retired,2017
2.16.840.1.113883.3.88.12.80.62,20181103,2026-04-21T19:18:43-04:00,retired,2018
2.16.840.1.113883.3.88.12.80.62,20190521,2026-04-21T19:18:43-04:00,retired,2019
2.16.840.1.113883.3.88.12.80.62,20200605,2026-04-21T19:18:43-04:00,retired,2020
2.16.840.1.113883.3.88.12.80.62,20210630,2026-04-21T19:18:43-04:00,retired,2021
2.16.840.1.113883.3.88.12.80.62,20231128,2026-04-21T19:18:43-04:00,retired,2023
2.16.840.1.113883.3.88.12.80.62,20240322,2026-04-21T19:18:43-04:00,retired,2024
2.16.840.1.113883.3.88.12.80.62,20251202,2026-04-21T19:18:43-04:00,active,2025
2.16.840.1.113883.4.642.2.575,20250419,2025-10-22T14:02:58-04:00,active,2025
2.16.840.1.113883.4.642.40.2.48.1,20250419,2026-04-13T20:09:25-04:00,active,2025
2.16.840.1.113883.4.642.40.2.48.3,20250418,2026-04-28T16:09:55-04:00,retired,2025
2.16.840.1.113883.4.642.40.2.48.3,20250419,2026-04-28T16:09:55-04:00,active,2025
2.16.840.1.114222.4.11.1066,20190521,2026-04-28T17:37:58-04:00,retired,2019
2.16.840.1.114222.4.11.1066,20240606,2026-04-28T17:37:58-04:00,active,2024
2.16.840.1.114222.4.11.3591,20221118,2026-04-29T14:03:44-04:00,retired,2022
2.16.840.1.114222.4.11.3591,20250419,2026-04-29T14:03:44-04:00,active,2025
2.16.840.1.114222.4.11.836,20121025,2025-05-05T16:19:50-04:00,active,2012
2.16.840.1.114222.4.11.837,20121025,2025-05-05T16:20:33-04:00,active,2012
2.16.840.1.114222.4.11.877,20190518,2026-04-13T20:10:21-04:00,retired,2019
2.16.840.1.114222.4.11.877,20240606,2026-04-13T20:10:21-04:00,retired,2024
2.16.840.1.114222.4.11.877,20251123,2026-04-13T20:10:21-04:00,retired,2025
2.16.840.1.114222.4.11.877,20260410,2026-04-13T20:10:21-04:00,active,2026
